mean_max,mean_min,num_peaks
1.399684490963786,0.6358343451066463,7
