mean_max,mean_min,num_peaks
0.09370540891638582,0.07030955448729555,5
