time_mins,displacement_mm
0,2.092444123506097
5,2.113274982345424
10,2.124473829454925
15,2.134234357492544
20,2.144324839542934
25,2.135540245813949
30,2.145804857493204