mean_max,mean_min,num_peaks
0.11858107861806129,0.073160011606309,6
